fid,id,Carb.m1,B12,B11,B8A,B7,B6,B5,WVP,B8,B4,B3,B2,AOT
"1","1",1.244373004,1634,2388,2780,2488,2093,960,2078,2770,621,617,381,78
"2","2",1.493247605,1408,2169,3076,2808,2212,842,2189,2886,488,502,305,78
"3","3",2.654662409,1263,2075,3123,2869,2257,792,2198,2976,385,469,262,78
"4","4",1.693729923,1316,2063,3030,2802,2214,792,2198,2812,423,477,296,78
"5","5",0.5530546686,1298,2032,3132,2888,2305,741,2338,2940,367,453,262,78
"6","6",1.493247605,1307,2103,3289,3172,2284,997,2351,3174,492,598,348,78
"7","7",1.493247605,1284,2033,3001,2792,2174,768,2222,2872,399,458,274,78
"8","8",0.2488746009,1316,2063,3030,2802,2214,792,2198,2900,395,471,283,78
"9","9",2.654662409,1356,2119,3078,2834,2238,809,2224,2980,434,464,290,78
"10","10",1.244373004,1497,2293,3026,2778,2177,902,2184,2798,494,493,316,78
"11","11",1.244373004,1629,2375,2943,2704,2244,982,2153,2834,578,538,348,78
"12","12",2.032475907,1456,2178,3011,2784,2211,873,2211,2866,493,505,294,78
"13","13",2.654662409,1356,2119,3078,2834,2238,809,2224,2942,447,462,296,78
"14","14",0.5530546686,1267,2036,3089,2841,2216,761,2222,2934,394,451,256,78
"15","15",1.493247605,1284,2033,3001,2792,2174,768,2222,2972,378,453,265,78
"16","16",1.617684906,1291,2027,3189,2990,2407,759,2351,2990,326,417,267,78
"17","17",2.032475907,1298,2010,3021,2802,2192,768,2198,2924,392,434,256,78
"18","18",1.493247605,1356,2119,3078,2834,2238,809,2224,2922,402,461,273,78
"19","19",1.617684906,1456,2178,3011,2784,2211,873,2211,2776,502,505,320,78
"20","20",0.4424437349,1629,2375,2943,2704,2244,982,2153,2778,510,518,328,78
"21","21",2.032475907,1567,2322,3223,2936,2346,1008,2207,3152,758,678,416,78
"22","22",0.279983926,1466,2215,3099,2886,2247,878,2211,2858,479,487,300,78
"23","23",1.493247605,1356,2119,3078,2834,2238,809,2224,2942,447,462,296,78
"24","24",0.8641479197,1298,2010,3021,2802,2192,768,2198,2924,392,434,256,78
"25","25",2.032475907,1291,2027,3189,2990,2407,759,2351,3104,389,447,272,78
"26","26",1.493247605,1286,2010,3244,2980,2492,795,2351,3334,533,586,317,78
"27","27",1.036977504,1239,1962,3132,2822,2228,736,2284,2932,352,438,251,78
"28","28",1.617684906,1267,2036,3089,2841,2216,761,2222,2888,357,429,292,78
"29","29",0.8641479197,1372,2162,3182,2874,2273,817,2237,2888,426,472,298,78
"30","30",0.9505627117,1466,2215,3099,2886,2247,878,2211,3000,495,548,314,78
"31","31",0.5530546686,1567,2322,3223,2936,2346,1008,2207,2880,587,572,360,78
"32","32",0.6083601355,1466,2215,3099,2886,2247,878,2211,2866,481,535,304,78
"33","33",0.8641479197,1372,2162,3182,2874,2273,817,2237,2940,405,446,263,78
"34","34",1.036977504,1256,1977,3112,2891,2266,756,2237,2940,415,483,279,78
"35","35",1.493247605,1286,2010,3244,2980,2492,795,2351,3088,374,426,260,78
"36","36",1.493247605,1286,2010,3244,2980,2492,795,2351,3320,448,517,322,78
"37","37",2.032475907,1202,1930,3158,2974,2263,769,2284,3074,409,458,255,78
"38","38",1.244373004,1404,2147,3235,3009,2353,856,2249,3054,462,533,344,78
"39","39",0.9505627117,1163,2005,3157,2818,2218,705,2274,3152,474,544,330,78
"40","40",1.036977504,1321,2139,3202,2991,2281,841,2263,3282,446,550,310,78
"41","41",0.6636656023,1404,2147,3235,3009,2353,856,2249,3054,462,533,344,78
"42","42",0.8641479197,1202,1930,3158,2974,2263,769,2284,3074,409,458,255,78
"43","43",0.279983926,1258,1963,3270,2996,2339,753,2363,3022,416,503,264,78
"44","44",1.742122206,1282,2011,3293,3008,2444,764,2345,3056,408,447,258,78
"45","45",0.6636656023,1258,1963,3270,2996,2339,753,2363,3106,408,461,266,78
"46","46",1.493247605,1233,1963,3188,2922,2264,760,2262,3012,400,431,268,78
"47","47",2.201848899,1383,2142,3169,2934,2214,805,2249,3030,376,421,251,78
"48","48",1.244373004,1233,1963,3188,2922,2264,760,2262,3008,346,398,234,78
"49","49",1.036977504,1282,2011,3293,3008,2444,764,2345,3040,371,440,256,78
"50","50",3.639791038,1282,2011,3293,3008,2444,764,2345,3022,382,432,237,78
"51","51",1.493247605,1134,1970,3367,3023,2291,745,2345,3046,352,422,250,78
"52","52",1.617684906,1383,2142,3169,2934,2214,805,2249,2990,353,412,246,78
"53","53",1.036977504,1383,2142,3169,2934,2214,805,2249,3040,440,479,304,78
"54","54",0.8641479197,1159,1982,3311,2958,2343,684,2262,3064,333,408,230,78
"55","55",0.6636656023,1232,1949,3136,2837,2485,673,2213,3308,421,514,293,78
"56","56",1.493247605,1232,1949,3136,2837,2485,673,2213,2974,411,484,284,78
"57","57",1.493247605,1159,1982,3311,2958,2343,684,2262,3220,342,410,247,78
"58","58",0.8641479197,1423,2224,3049,2774,2224,810,2209,2916,427,468,262,78
"59","59",0.3110932511,1423,2224,3049,2774,2224,810,2209,2918,387,469,290,78
"60","60",1.036977504,1159,1982,3311,2958,2343,684,2262,3220,342,410,247,78
"61","61",1.493247605,1232,1949,3136,2837,2485,673,2213,3098,422,495,307,78
"62","62",10.07942134,1959,2596,3022,2740,2261,1135,2300,2918,736,752,513,78
"63","63",11.98745994,1959,2596,3022,2740,2261,1135,2300,2784,665,695,427,78
"64","64",13.93697765,1437,2421,3554,3235,2516,979,2379,3362,546,594,363,78
"65","65",29.80964664,1517,2463,3379,3042,2462,1005,2419,3334,432,498,315,78
"66","66",20.07588447,1959,2596,3022,2740,2261,1135,2300,3116,471,528,331,78
"67","67",18.28536998,1697,2516,3231,2987,2309,999,2300,3366,401,462,312,78
"68","68",13.82636672,1517,2463,3379,3042,2462,1005,2419,3334,432,498,315,78
"69","69",12.44373004,1437,2421,3554,3235,2516,979,2379,3374,473,505,334,78
"70","70",11.19935704,1220,2064,2965,2616,2162,775,2168,3038,316,412,246,78
"71","71",17.91897126,1220,2064,2965,2616,2162,775,2168,2942,475,557,333,78
"72","72",15.92797446,1463,2376,3462,3201,2493,917,2366,3396,488,510,303,78
"73","73",13.82636672,1372,2302,3606,3294,2507,871,2419,3374,423,472,279,78
"74","74",11.06109337,1697,2516,3231,2987,2309,999,2300,3272,446,481,305,78
"75","75",7.839549928,1368,2317,3626,3292,2493,815,2421,3384,433,472,284,78
"76","76",15.05691335,1368,2317,3626,3292,2493,815,2421,3374,440,485,295,78
"77","77",11.06109337,1372,2302,3606,3294,2507,871,2419,3376,446,483,307,78
"78","78",7.839549928,1544,2553,3478,3085,2487,1005,2212,3260,588,597,378,78
"79","79",11.06109337,1477,2413,3450,3129,2405,900,2269,3196,521,545,339,78
"80","80",11.19935704,1544,2483,3394,3071,2378,949,2212,3200,588,567,354,78
"81","81",11.71093261,1586,2509,3379,3058,2407,1037,2259,3286,539,526,364,78
"82","82",18.6932478,1597,2526,3371,3085,2422,960,2259,3188,493,562,352,78
"83","83",7.963987228,1368,2317,3626,3292,2493,815,2421,3374,440,485,295,78
"84","84",19.90996807,1544,2483,3394,3071,2378,949,2212,3334,483,516,339,78
"85","85",10.07942134,1477,2413,3450,3129,2405,900,2269,3260,502,540,315,78
"86","86",16.72990373,1454,2423,3643,3304,2521,898,2298,3450,495,536,309,78
"87","87",31.85594891,1514,2494,3506,3123,2365,933,2319,3312,511,523,322,78
"88","88",29.80964664,1477,2413,3450,3129,2405,900,2269,3276,464,489,310,78
"89","89",8.295820029,1481,2453,3569,3224,2466,883,2292,3352,457,480,311,78
"90","90",11.71093261,1421,2416,3636,3313,2457,869,2348,3516,447,499,305,78
"91","91",21.02990377,1454,2423,3643,3304,2521,898,2298,3542,444,476,292,78
"92","92",7.079099758,1199,2030,3091,2895,2201,751,2220,2972,471,473,268,78
"93","93",11.06109337,1481,2453,3569,3224,2466,883,2292,3348,507,499,320,78
"94","94",7.963987228,1421,2416,3636,3313,2457,869,2348,3516,447,499,305,78
"95","95",11.06109337,1405,2405,3609,3253,2460,880,2360,3444,473,491,309,78
"96","96",10.07942134,1469,2453,3495,3119,2447,925,2326,3306,506,559,383,78
"97","97",13.38392298,1447,2362,3426,3144,2500,1061,2285,3190,571,591,367,78
"98","98",7.079099758,1341,2257,3536,3245,2425,868,2339,3298,438,466,282,78
"99","99",9.678456701,1421,2416,3636,3313,2457,869,2348,3396,481,502,309,78
"100","100",15.05691335,1520,2523,3522,3188,2440,929,2287,3286,565,570,335,78
"101","101",5.419935752,1460,2379,3163,2840,2238,861,2281,3304,549,525,342,78
"102","102",11.19935704,1514,2494,3506,3123,2365,933,2319,3298,525,529,334,78
"103","103",5.419935752,1438,2430,3585,3204,2459,917,2374,3370,510,490,309,78
"104","104",7.963987228,1469,2453,3495,3119,2447,925,2326,3376,510,515,340,78
"105","105",12.44373004,1469,2453,3495,3119,2447,925,2326,3384,521,498,320,78
"106","106",15.92797446,1489,2489,3517,3195,2420,986,2339,3330,552,531,355,78
"107","107",4.742443783,1501,2496,3460,3094,2394,948,2360,3348,539,516,329,78
"108","108",1.327331205,1393,2185,3172,2912,2102,869,2285,3042,512,506,342,78
"109","109",11.06109337,1522,2385,3119,2823,2318,891,2285,3200,583,539,360,78
"110","110",16.35659182,1499,2479,3561,3194,2416,952,2378,3348,543,525,360,78
"111","111",7.079099758,1615,2556,3269,2971,2312,1057,2285,3250,582,563,376,78
"112","112",5.419935752,1458,2381,3377,3067,2366,876,2378,3298,566,521,348,78
"113","113",13.82636672,1458,2381,3377,3067,2366,876,2378,3298,517,513,364,78
"114","114",32.51961451,1556,2447,3124,2749,2168,833,2203,3140,393,410,278,78
"115","115",19.90996807,1556,2447,3124,2749,2168,833,2203,2944,473,466,293,78
"116","116",8.959485631,1572,2431,3037,2752,2117,898,2179,2930,531,514,341,78
"117","117",17.91897126,1644,2470,3032,2705,2190,829,2179,2814,579,534,337,78
"118","118",8.959485631,1599,2447,3179,2935,2309,898,2193,3046,539,515,345,78
"119","119",15.92797446,1599,2447,3179,2935,2309,898,2193,3062,472,481,308,78
"120","120",7.839549928,1551,2397,3131,2846,2190,823,2203,2920,514,503,313,78
"121","121",25.70321572,1501,2326,3133,2860,2178,779,2247,2928,443,440,287,78
"122","122",13.82636672,1522,2238,3071,2789,2213,857,2247,2968,441,437,281,78
"123","123",7.839549928,1556,2447,3124,2749,2168,833,2203,3104,381,391,267,78
"124","124",5.309324819,1551,2397,3131,2846,2190,823,2203,2920,514,503,313,78
"125","125",11.06109337,1556,2430,3112,2843,2190,905,2179,2968,525,507,353,78
"126","126",11.19935704,1390,2246,3281,2980,2313,857,2297,3378,398,451,275,78
"127","127",7.963987228,1501,2362,3203,2955,2266,866,2193,2968,508,483,299,78
"128","128",18.4028941,1551,2397,3131,2846,2190,823,2203,3016,462,458,303,78
"129","129",13.82636672,1362,2221,3196,2917,2210,757,2260,3108,372,422,280,78
"130","130",12.44373004,1374,2215,3193,2899,2217,789,2260,3034,418,422,296,78
"131","131",8.848874698,1427,2273,3205,2910,2237,814,2248,3046,459,485,294,78
"132","132",7.991639961,1552,2430,3126,2809,2210,869,2177,2886,508,505,341,78
"134","134",13.82636672,1539,2347,3367,3014,2376,943,2323,3116,603,537,371,78
"135","135",11.06109337,1479,2355,3282,3022,2275,814,2255,3142,460,493,285,78
"136","136",11.19935704,1560,2366,3083,2801,2182,857,2205,2828,536,509,332,78
"137","137",19.90996807,1427,2273,3205,2910,2237,814,2248,3024,422,459,274,78
"138","138",5.419935752,1418,2232,3270,2970,2241,772,2248,3106,426,445,292,78
"139","139",10.07942134,1418,2232,3270,2970,2241,772,2248,2972,472,468,298,78
"140","140",8.959485631,1560,2366,3083,2801,2182,857,2205,2896,501,507,321,78
"141","141",27.09967876,1539,2347,3367,3014,2376,943,2323,3138,537,569,355,78
"142","142",13.82636672,1883,2690,3274,2956,2578,1095,2332,3400,514,538,310,78
"143","143",11.19935704,1372,2289,3287,3010,2299,791,2255,3190,436,450,276,78
"144","144",11.19935704,1420,2262,3263,2934,2257,810,2248,2972,480,468,337,78
"145","145",23.89196168,1242,2084,3324,3094,2283,736,2312,3208,361,405,272,78
"146","146",23.89196168,1168,1980,3347,3117,2282,663,2312,3260,324,365,253,78
"147","147",17.91897126,1296,2144,3287,3037,2306,771,2287,3104,378,422,256,78
"148","148",10.07942134,1424,2247,3346,3107,2347,809,2323,3204,423,465,287,78
"149","149",19.90996807,1476,2386,3324,2993,2285,821,2323,3364,468,480,277,78
"150","150",28.0398717,1476,2386,3324,2993,2285,821,2323,3154,513,511,319,78
"151","151",8.959485631,1382,2203,3426,3170,2400,778,2321,3252,395,421,285,78
"152","152",11.06109337,1275,2138,3393,3098,2310,733,2296,3178,348,430,280,78
"153","153",6.194212288,1168,1980,3347,3117,2282,663,2312,3264,304,365,237,78
"154","154",11.19935704,1125,1909,3264,3040,2261,623,2296,3332,325,386,239,78
"155","155",8.959485631,1396,2271,3251,2930,2274,794,2269,3242,384,438,262,78
"156","156",11.19935704,1463,2305,3124,2875,2235,860,2225,3088,414,476,304,78
"157","157",15.05691335,1382,2203,3426,3170,2400,778,2321,3252,395,421,285,78
"158","158",20.07588447,1396,2271,3251,2930,2274,794,2269,3134,465,460,283,78
"159","159",28.31639903,1321,2139,3202,2991,2281,841,2263,3050,347,402,254,78
"160","160",16.72990373,1431,2247,3120,2756,2224,919,2249,3198,387,462,294,78
"161","161",23.36655975,1575,2384,2924,2683,2120,924,2084,3078,411,422,296,78
"162","162",1.617684906,1597,2319,2918,2672,2135,982,2184,2712,627,566,368,78
"163","163",1.493247605,1408,2193,3085,2824,2206,809,2252,2966,441,477,285,78
"164","164",0.6083601355,1287,2106,3163,2915,2308,771,2224,3030,373,443,283,78
"165","165",1.368810305,1321,2105,2995,2798,2202,793,2198,2872,411,469,285,78
"166","166",0.6083601355,1298,2102,3211,3082,2293,790,2439,2932,404,462,264,78
"167","167",2.371221892,1298,2102,3211,3082,2293,790,2439,3044,511,608,377,78
"168","168",0.5530546686,1212,2021,3074,2863,2233,709,2217,2974,333,401,260,78
"169","169",1.493247605,1243,2071,3125,2882,2276,732,2217,2986,309,414,228,78
"170","170",0.8641479197,1177,2015,3159,2972,2290,703,2236,3030,323,415,230,78
"171","171",2.371221892,1408,2193,3085,2824,2206,809,2252,2810,465,468,292,78
"172","172",2.371221892,1438,2224,3039,2869,2236,836,2234,2834,394,444,282,78
"173","173",2.032475907,1144,1976,3284,3036,2294,682,2306,3108,291,370,222,78
"174","174",1.244373004,1177,2015,3159,2972,2290,703,2236,2974,325,389,243,78
"175","175",1.493247605,1212,2021,3074,2863,2233,709,2217,2924,291,378,238,78
"176","176",1.742122206,1207,2020,3257,3073,2372,667,2389,3150,242,331,199,78
"177","177",1.617684906,1207,2020,3257,3073,2372,667,2389,3108,253,354,205,78
"179","179",1.617684906,1143,1969,3224,2980,2294,707,2265,2974,322,424,242,78
"180","180",1.368810305,1144,1976,3284,3036,2294,682,2306,3174,292,377,230,78
"181","181",1.368810305,1178,1961,3286,3045,2332,705,2336,3140,300,381,213,78
"182","182",2.371221892,1178,1961,3286,3045,2332,705,2336,3110,308,381,224,78
"183","183",1.617684906,1109,1944,3325,3088,2357,671,2336,3124,302,376,238,78
"184","184",1.617684906,1149,1953,3199,2960,2278,679,2238,2986,298,377,256,78
"185","185",1.209807088,1079,1910,3211,2995,2272,682,2322,3052,297,379,235,78
"186","186",1.742122206,1229,1981,3247,3011,2316,675,2331,3100,279,365,221,78
"187","187",0.2488746009,1229,1981,3247,3011,2316,675,2331,3044,297,388,244,78
"188","188",0.5530546686,1146,1998,3238,2961,2307,714,2299,3062,316,394,235,78
"189","189",2.201848899,1185,2029,3247,2970,2340,716,2228,3086,320,425,246,78
"190","190",1.169710624,1109,1944,3325,3088,2357,671,2336,3200,287,375,215,78
"191","191",1.036977504,1193,2056,3402,3189,2410,774,2322,3196,321,392,236,78
"192","192",1.493247605,1193,2056,3402,3189,2410,774,2322,3304,259,379,221,78
"193","193",0.5530546686,1079,1975,3424,3176,2431,655,2315,3310,283,372,224,78
"194","194",1.209807088,1143,2016,3356,3106,2367,718,2220,3066,326,412,256,78
"195","195",1.493247605,1200,2073,3234,2933,2330,746,2228,3032,350,422,258,78
"196","196",0.9505627117,1278,2070,3224,2969,2333,748,2303,2996,350,438,267,78
"197","197",0.7189710692,1508,2237,3021,2813,2378,889,2299,2974,493,559,356,78
"198","198",0.5530546686,1146,1998,3238,2961,2307,714,2299,3062,316,394,235,78
"199","199",0.6083601355,1200,2073,3234,2933,2330,746,2228,3038,369,434,264,78
"200","200",1.036977504,1143,2016,3356,3106,2367,718,2220,3130,310,406,256,78
"201","201",0.9505627117,1291,2158,3439,3220,2461,872,2245,3222,293,422,233,78
"202","202",1.742122206,1291,2158,3439,3220,2461,872,2245,3264,354,454,244,78
"203","203",1.493247605,1172,2059,3305,3035,2372,702,2206,3150,326,403,250,78
"204","204",0.9505627117,1222,2107,3285,3011,2361,750,2228,3042,375,442,282,78
"205","205",0.6083601355,1260,2095,3250,2987,2327,752,2303,3030,387,455,291,78
"206","206",1.036977504,1577,2417,3365,3099,2384,1052,2471,3232,725,744,436,78
"207","207",1.493247605,1900,2578,3124,2927,2485,1143,2308,2976,875,724,466,78
"208","208",1.493247605,1577,2417,3365,3099,2384,1052,2471,3342,467,567,347,78
"209","209",0.9505627117,1124,1999,3470,3231,2460,700,2326,3398,277,401,246,78
"210","210",0.8641479197,1222,2107,3285,3011,2361,750,2228,3146,343,418,252,78
"211","211",1.209807088,1172,2059,3305,3035,2372,702,2206,3232,322,409,236,78
"212","212",0.7189710692,1222,2125,3498,3245,2505,785,2256,3318,353,450,268,78
"213","213",1.742122206,1161,1993,3543,3245,2489,690,2390,3426,278,383,232,78
"214","214",1.209807088,1900,2578,3124,2927,2485,1143,2308,3240,502,493,322,78
"215","215",1.123392296,1529,2339,3422,3090,2478,954,2308,3284,295,396,223,78
"216","216",1.617684906,1529,2339,3422,3090,2478,954,2308,3284,295,396,223,78
"217","217",0.6083601355,1221,2133,3383,3158,2506,808,2220,3332,360,454,255,78
"218","218",0.6083601355,1236,2138,3475,3224,2489,809,2326,3342,302,403,235,78
"219","219",0.7742765361,1212,2082,3566,3308,2494,702,2471,3366,280,395,232,78
"220","220",0.279983926,1529,2339,3422,3090,2478,954,2308,3020,633,584,347,78
"221","221",1.036977504,2402,3055,2956,2734,2398,1794,2153,2964,1268,1114,758,78
"222","222",0.6083601355,2163,2803,3116,2936,2608,1469,2227,3056,1230,1122,739,78
"223","223",0.8641479197,2286,2832,3090,2985,2685,1707,2268,2990,1064,985,606,78
"224","224",0.4424437349,2349,2985,2983,2807,2475,1517,2272,2906,1256,1118,747,78
"225","225",0.7777331277,2744,3312,2748,2647,2410,1923,2159,2612,1600,1366,847,78
"226","226",0.9505627117,2363,2967,2909,2758,2418,1574,2172,2824,1052,886,576,78
"227","227",0.5530546686,1754,2499,2997,2809,2354,1029,2257,2758,636,624,371,78
"228","228",0.6083601355,1996,2731,3026,2820,2417,1263,2268,2868,686,735,434,78
"229","229",0.7777331277,1896,2706,3027,2796,2416,1199,2235,2962,900,848,511,78
"230","230",1.036977504,2163,2803,3116,2936,2608,1469,2227,2974,826,829,523,78
"231","231",0.4424437349,1679,2478,3053,2825,2423,1044,2180,2922,572,624,386,78
"232","232",0.6083601355,1896,2706,3027,2796,2416,1199,2235,2900,702,693,405,78
"233","233",0.5530546686,1896,2706,3027,2796,2416,1199,2235,2806,644,677,413,78
"234","234",0.6636656023,1754,2499,2997,2809,2354,1029,2257,2800,554,590,359,78
"235","235",0.3110932511,1840,2563,2946,2733,2252,1085,2172,2790,653,696,438,78
"236","236",0.3110932511,1613,2427,2923,2714,2296,937,2214,2792,537,586,346,78
"237","237",0.9505627117,1754,2499,2997,2809,2354,1029,2257,2930,473,534,344,78
"238","238",1.036977504,1593,2433,3059,2839,2395,983,2251,2896,504,560,331,78
"239","239",1.493247605,1710,2481,2948,2727,2288,1052,2173,2820,578,609,383,78
"240","240",0.6083601355,1679,2478,3053,2825,2423,1044,2180,2830,638,669,456,78
"241","241",0.6083601355,1679,2478,3053,2825,2423,1044,2180,2956,537,600,383,78
"242","242",0.2488746009,1710,2481,2948,2727,2288,1052,2173,2820,578,609,383,78
"243","243",0.3110932511,1615,2450,2988,2728,2336,1019,2173,2850,518,577,347,78
"244","244",0.4424437349,1518,2364,3067,2825,2360,926,2214,3040,445,528,314,78
"245","245",0.9505627117,1613,2427,2923,2714,2296,937,2214,2778,561,607,394,78
"246","246",0.1106109337,1645,2407,2827,2594,2145,1052,2098,2750,589,624,377,78
"247","247",0.4424437349,1579,2432,2998,2783,2368,1035,2208,2908,538,620,376,78
"248","248",0.1106109337,1719,2521,2854,2605,2234,1093,2114,2736,641,674,428,78
"249","249",0.08295820029,1699,2533,3103,2813,2365,1123,2157,2828,635,703,424,78
"250","250",0.02073955007,1699,2533,3103,2813,2365,1123,2157,2814,624,686,412,78
"251","251",0.1106109337,1719,2521,2854,2605,2234,1093,2114,2736,641,674,428,78
"252","252",0.2488746009,1707,2528,2823,2635,2276,1122,2114,2674,648,678,397,78
"253","253",0.3110932511,1645,2407,2827,2594,2145,1052,2098,2718,567,632,405,78
"254","254",0.4977492017,1645,2407,2827,2594,2145,1052,2098,2590,678,690,452,78
"256","256",0.1382636672,1752,2549,2740,2517,2176,1087,2085,2570,627,664,395,78
"257","257",0.6636656023,1771,2559,2901,2725,2274,1111,2132,2780,612,672,401,78
"258","258",0.1106109337,1771,2559,2901,2725,2274,1111,2132,2776,609,670,406,78
"259","259",0.3110932511,1771,2559,2901,2725,2274,1111,2132,2662,582,618,382,78
"260","260",0.8641479197,1752,2549,2740,2517,2176,1087,2085,2570,627,664,395,78
"261","261",1.036977504,1723,2537,2858,2610,2257,1031,2085,2732,584,644,381,78
"262","262",1.123392296,1785,2574,2680,2458,2077,1074,2076,2618,620,636,413,78
"263","263",1.036977504,1696,2466,2741,2547,2142,1030,2085,2676,554,588,363,78
"264","264",0.7742765361,1636,2397,2807,2504,2110,977,2085,2608,540,572,331,78
"265","265",0.2488746009,1608,2440,2782,2498,2131,936,2043,2626,539,592,341,78
"266","266",0.8848874698,1608,2440,2782,2498,2131,936,2043,2648,518,567,351,78
"267","267",0.279983926,1403,2165,2657,2458,1968,853,2100,2674,517,554,328,78
"268","268",0.3110932511,1702,2483,2786,2579,2210,1061,2098,2702,594,646,404,78
"269","269",0.2488746009,1696,2466,2741,2547,2142,1030,2085,2620,602,614,393,78
"270","270",0.1382636672,1587,2404,2881,2604,2199,967,2116,2590,598,639,441,78
"271","271",0.4355305515,1496,2267,2864,2629,2157,876,2115,2684,469,550,333,78
"272","272",0.3422025762,1403,2165,2657,2458,1968,853,2100,2520,338,431,262,78
"273","273",0.8848874698,1195,1879,2602,2366,1754,746,2043,2340,376,457,274,78
"274","274",0.6636656023,2018,2794,3185,2918,2588,1408,2382,3254,1003,1001,667,78
"276","276",1.036977504,1481,2440,3254,2973,2444,1006,2474,3172,519,597,333,78
"277","277",0.3422025762,1515,2466,3367,3064,2464,1018,2454,3116,536,598,372,78
"278","278",0.3318328012,1515,2466,3367,3064,2464,1018,2454,3116,536,598,372,78
"279","279",0.3733119013,1380,2233,3336,3050,2455,896,2531,3156,393,506,295,78
"280","280",0.6636656023,1189,2066,3079,2813,2348,819,2346,2962,337,482,278,78
"281","281",1.036977504,1424,2269,3075,2802,2390,869,2334,2844,364,478,278,78
"282","282",0.6083601355,1345,2182,3193,2940,2271,965,2244,2946,433,531,292,78
"283","283",1.617684906,1294,2122,3127,2848,2240,823,2219,2884,380,472,261,78
"284","284",2.201848899,1236,2082,3059,2821,2243,870,2237,2920,421,523,312,78
"285","285",0.6083601355,1189,2066,3079,2813,2348,819,2346,3030,388,499,286,78
"286","286",1.493247605,1297,2243,3268,2991,2446,853,2386,3144,408,514,293,78
"287","287",0.3733119013,1515,2466,3367,3064,2464,1018,2454,3190,509,591,358,78
"288","288",0.6083601355,1506,2455,3400,3027,2404,1031,2304,3046,602,612,379,78
"289","289",1.493247605,1376,2219,3264,3044,2491,981,2334,3120,462,571,339,78
"290","290",1.123392296,1189,2066,3079,2813,2348,819,2346,3010,355,487,270,78
"291","291",0.4977492017,1243,2130,3053,2842,2332,890,2190,2954,401,531,306,78
"292","292",1.493247605,1294,2122,3127,2848,2240,823,2219,2880,401,482,279,78
"293","293",1.493247605,1713,2515,3275,2965,2475,1086,2199,3124,882,858,508,78
"294","294",0.9505627117,1276,2183,3140,2866,2302,875,2190,3024,424,519,323,78
"295","295",1.493247605,1181,2042,3146,2905,2290,832,2237,3008,370,491,297,78
"296","296",1.493247605,1296,2149,3214,2983,2403,930,2273,2998,344,470,274,78
"298","298",0.6636656023,1301,2154,3242,2977,2273,801,2221,3144,426,524,301,78
"299","299",0.6636656023,1603,2469,3288,3029,2416,980,2221,3252,513,654,389,78
"300","300",2.654662409,1181,2042,3146,2905,2290,832,2237,3034,352,458,274,78
"301","301",1.368810305,1315,2199,3118,2860,2358,914,2190,2880,455,511,282,78
"302","302",2.654662409,1713,2515,3275,2965,2475,1086,2199,2964,396,493,287,78
"303","303",1.036977504,1769,2576,3241,2973,2488,1160,2249,3088,733,650,406,78
"304","304",1.617684906,1315,2199,3118,2860,2358,914,2190,3020,478,547,334,78
"305","305",1.123392296,1507,2287,3139,2899,2388,974,2200,2974,489,539,301,78
"306","306",0.6636656023,1639,2404,3323,3089,2528,1193,2221,3152,552,604,370,78
"307","307",0.6083601355,1360,2151,3188,2905,2363,924,2200,3056,483,572,327,78
"308","308",1.742122206,1507,2287,3139,2899,2388,974,2200,2974,489,539,301,78
"309","309",1.244373004,1315,2199,3118,2860,2358,914,2190,3020,478,547,334,78
"310","310",1.493247605,1769,2576,3241,2973,2488,1160,2249,3088,733,650,406,78
"311","311",0.4977492017,1769,2576,3241,2973,2488,1160,2249,3166,725,718,462,78
"312","312",0.9505627117,1785,2606,3207,2931,2411,1207,2240,3088,697,712,432,78
"313","313",0.6083601355,1507,2287,3139,2899,2388,974,2200,3060,677,669,417,78
"314","314",1.493247605,1563,2394,3185,2918,2446,991,2200,3284,542,605,396,78
"315","315",0.2488746009,1195,1879,2602,2366,1754,746,2043,2294,399,471,269,78
"316","316",0.1244373004,2253,2834,3130,3014,2680,1634,2268,3006,1128,1017,642,78
"317","317",0.09678456701,2696,3189,2741,2661,2451,1883,2190,2714,1482,1242,799,78
"318","318",0.2488746009,2744,3312,2748,2647,2410,1923,2159,2612,1600,1366,847,78
"319","319",0.2488746009,2919,3300,2569,2552,2380,1977,2135,2534,1772,1398,852,78
"320","320",0.1106109337,2638,3104,2607,2508,2322,1819,2118,2544,1544,1238,781,78
"321","321",0.2488746009,2622,3108,2980,2854,2594,1852,2262,2756,1510,1256,790,78
"322","322",0.2488746009,2231,2869,3173,2982,2691,1697,2268,3018,1140,1082,684,78
"323","323",0.1106109337,2516,3094,2679,2577,2393,1811,2138,2486,1626,1270,871,78
"324","324",0.4044212264,2598,3143,2917,2801,2550,1810,2237,2742,1554,1272,794,78
"325","325",0.2488746009,2638,3104,2607,2508,2322,1819,2118,2426,1570,1236,753,78
"326","326",0.1106109337,2919,3300,2569,2552,2380,1977,2135,2496,1632,1290,786,78
"327","327",0.09678456701,2551,3052,2537,2409,2213,1799,2104,2366,1466,1208,750,78
"328","328",0.279983926,1647,2457,3182,2880,2320,1079,2202,2832,686,615,394,78
"329","329",0.1106109337,2598,3143,2917,2801,2550,1810,2237,2742,1616,1308,846,78
"330","330",0.2488746009,2459,3032,2706,2579,2390,1883,2128,2770,1422,1192,789,78
"331","331",0.2488746009,2459,3032,2706,2579,2390,1883,2128,2488,1602,1270,873,78
"332","332",0.1106109337,2637,3127,2888,2788,2563,1882,2229,2766,1560,1238,810,78
"333","333",0.1106109337,2729,3229,2509,2398,2253,1957,2099,2326,1658,1302,800,78
"334","334",0.2488746009,2709,3176,2483,2422,2224,1817,2134,2344,1484,1204,774,78
"335","335",0.279983926,2327,2770,2268,2208,2012,1503,2102,2116,1144,976,636,78
"336","336",0.2488746009,2729,3229,2509,2398,2253,1957,2099,2362,1640,1300,813,78
"337","337",0.1106109337,2484,3095,2857,2748,2534,1836,2229,2786,1426,1216,746,78
"338","338",0.2488746009,2434,3078,2823,2615,2306,1846,2128,2430,1610,1262,850,78
"339","339",0.1106109337,2422,3021,2910,2785,2537,1832,2228,2750,1452,1222,770,78
"340","340",0.02073955007,2760,3273,2717,2603,2405,1955,2163,2622,1616,1310,846,78
"341","341",0.2488746009,2073,2583,2215,2113,1939,1413,2019,2172,1010,899,576,78
"342","342",0.2488746009,2327,2770,2268,2208,2012,1503,2102,2246,1304,1056,694,78
"343","343",0.4977492017,2073,2583,2215,2113,1939,1413,2019,2154,1132,951,619,78
"344","344",0.279983926,2690,3163,2569,2455,2304,1940,2117,2486,1656,1334,814,78
"345","345",0.2488746009,2484,3095,2857,2748,2534,1836,2229,2724,1464,1194,797,78
"346","346",0.1106109337,2421,3057,2765,2597,2446,1778,2128,2636,1422,1154,766,78
"347","347",0.1106109337,2421,3057,2765,2597,2446,1778,2128,2636,1422,1154,766,78
"348","348",0.1106109337,2504,3124,2715,2637,2416,1831,2195,2676,1422,1194,754,78
"349","349",0.279983926,2429,3002,2488,2369,2188,1795,2053,2458,1540,1204,748,78
"350","350",0.3110932511,2325,2867,2679,2536,2289,1684,2159,2518,1192,1052,629,78
"351","351",0.1106109337,2322,2865,2636,2562,2307,1666,2170,2508,1328,1084,692,78
"352","352",0.1244373004,2393,2974,2485,2355,2192,1797,2083,2438,1418,1160,727,78
"353","353",0.279983926,2169,2859,2923,2787,2507,1703,2232,2730,1288,1098,709,78
"354","354",0.09678456701,2434,3072,2687,2552,2305,1900,2117,2510,1608,1268,877,78
"355","355",0.1106109337,2354,2976,2739,2563,2379,1817,2167,2500,1588,1260,857,78
"356","356",0.1106109337,2436,3018,2747,2598,2444,1852,2195,2656,1404,1152,728,78
"358","358",0.279983926,2303,2835,2820,2691,2435,1659,2191,2734,1180,991,632,78
"359","359",0.279983926,2322,2865,2636,2562,2307,1666,2170,2540,1284,1070,672,78
"360","360",0.279983926,2387,3006,2657,2517,2294,1810,2118,2542,1538,1246,769,78
"361","361",0.09678456701,2078,2778,2970,2865,2550,1638,2279,2750,1368,1122,735,78
"362","362",0.09678456701,2495,3109,2648,2468,2294,1879,2117,2558,1600,1260,839,78
"363","363",0.2488746009,2552,3159,2683,2532,2330,1885,2094,2630,1552,1228,816,78
"364","364",0.387138268,1693,2586,3326,3097,2538,1039,2273,3196,556,649,380,78
"365","365",0.1106109337,2148,2766,2724,2614,2398,1642,2170,2456,1462,1160,729,78
"366","366",0.2488746009,2303,2835,2820,2691,2435,1659,2191,2674,1306,1094,701,78
"367","367",0.1106109337,2015,2626,2921,2818,2497,1513,2270,2784,1072,954,589,78
"368","368",0.1244373004,2237,2898,2952,2809,2555,1768,2288,2810,1304,1120,701,78
"369","369",0.3110932511,1842,2516,3188,3037,2713,1505,2288,2990,1012,963,581,78
"370","370",0.09678456701,2552,3159,2683,2532,2330,1885,2094,2690,1550,1222,792,78
"371","371",0.1106109337,2410,3013,2614,2466,2287,1840,2026,2446,1588,1228,839,78
"372","372",0.1106109337,1924,2655,3227,3076,2734,1567,2337,3204,919,901,549,78
"373","373",0.1244373004,1995,2661,3098,2960,2686,1550,2320,3032,1002,941,577,78
"374","374",0.279983926,2092,2719,2916,2788,2531,1546,2254,2662,1172,1015,648,78
"375","375",0.1106109337,2341,2920,2819,2676,2504,1742,2199,2736,1258,1072,675,78
"376","376",0.1106109337,2082,2778,3239,3046,2700,1576,2320,3106,1072,998,647,78
"377","377",0.279983926,2151,2843,3133,2996,2686,1718,2327,3042,1248,1130,709,78
"378","378",0.1106109337,2403,2964,2583,2444,2272,1827,2002,2544,1564,1246,857,78
"379","379",0.1106109337,2339,3000,3050,2939,2583,1776,2251,2864,1266,1050,686,78
"380","380",0.279983926,2101,2761,2875,2759,2513,1634,2212,2758,1186,1058,633,78
"381","381",0.09678456701,2082,2778,3239,3046,2700,1576,2320,3118,1082,984,624,78
"382","382",0.1106109337,2092,2719,2916,2788,2531,1546,2254,2770,1182,1042,634,78
"383","383",0.1106109337,1967,2681,3070,2946,2595,1568,2270,3118,1028,955,590,78
"384","384",0.1244373004,2082,2778,3239,3046,2700,1576,2320,3068,1154,1030,679,78
"385","385",0.1244373004,1950,2670,2892,2726,2496,1523,2212,2730,1026,947,589,78
"386","386",0.2488746009,2368,2961,2535,2434,2275,1713,2026,2708,1282,1092,699,78
"387","387",0.279983926,2403,2964,2583,2444,2272,1827,2002,2432,1516,1232,821,78
"389","389",0.1106109337,2019,2740,3111,2974,2639,1610,2228,2994,1144,1002,669,78
"390","390",0.2177652758,2248,2929,2944,2802,2561,1738,2197,2798,1260,1074,679,78
"391","391",0.1382636672,2248,2929,2944,2802,2561,1738,2197,2798,1260,1074,679,78
"392","392",0.1106109337,2044,2784,3124,2980,2675,1639,2229,2944,1264,1112,717,78
"393","393",0.3110932511,1761,2462,2883,2713,2480,1425,2212,2502,1002,910,580,78
"394","394",0.1244373004,2349,2897,2563,2267,2180,1591,1958,2110,1376,1092,752,78
"395","395",0.1106109337,1761,2462,2883,2713,2480,1425,2212,2770,798,839,503,78
"396","396",0.3110932511,1851,2590,3223,3061,2748,1540,2245,3112,1090,991,646,78
"397","397",0.1244373004,2502,2966,2621,2583,2300,1786,2191,2630,1508,1224,785,78
"398","398",0.279983926,1955,2761,3151,2916,2590,1586,2178,3032,1166,1042,691,78
"399","399",0.5530546686,1745,2422,2716,2567,2319,1369,2072,2718,792,815,488,78
"400","401",0.1244373004,1875,2690,3189,2918,2615,1462,2178,3062,1040,980,615,78
"401","402",0.1106109337,1873,2788,3030,2779,2398,1427,2186,2802,999,864,608,78
"402","403",0.279983926,1791,2598,2964,2779,2452,1429,2156,2680,951,905,576,78
"403","404",0.3110932511,1907,2752,2884,2672,2380,1529,2186,2984,962,903,599,78
"404","405",0.8641479197,1774,2650,3311,3100,2568,1088,2264,3226,665,727,428,78
"405","406",0.5530546686,1686,2471,3178,2925,2491,1037,2219,3318,560,636,396,78
"406","407",0.3110932511,1917,2742,3398,3098,2579,1286,2250,3164,590,616,365,78
"407","408",0.3422025762,1891,2664,3281,3076,2536,1173,2245,3006,705,678,404,78
"408","409",0.3110932511,1665,2548,3239,2969,2444,999,2220,3132,529,582,339,78
"409","410",0.6083601355,1619,2531,3297,2973,2505,1045,2268,3134,528,581,367,78
"410","411",0.2488746009,1667,2595,3251,2957,2429,973,2268,3178,504,578,343,78
"411","412",0.279983926,1641,2576,3290,3023,2453,1048,2253,3146,539,577,350,78
"412","413",0.3110932511,1558,2464,3273,3034,2467,948,2223,3164,499,581,338,78
"413","414",0.3110932511,1693,2607,3298,3070,2518,1051,2250,3238,532,599,361,78
"414","415",0.3422025762,1704,2604,3367,3093,2546,1038,2251,3186,566,656,385,78
"415","416",0.4424437349,1774,2650,3311,3100,2568,1088,2264,3134,658,697,409,78
"416","417",0.2488746009,1738,2508,3076,2883,2355,1043,2312,2908,625,618,404,78
"417","418",0.1106109337,1679,2602,3228,2999,2446,1061,2199,3100,591,635,383,78
"418","419",0.5530546686,1788,2681,3318,3054,2537,1240,2250,3142,598,627,401,78
"419","420",0.3110932511,1558,2464,3273,3034,2467,948,2223,3124,510,590,364,78
"420","421",0.1382636672,1558,2474,3273,3006,2470,995,2247,3120,516,593,354,78
"421","422",0.2488746009,1667,2595,3251,2957,2429,973,2268,3132,507,590,359,78
"422","423",0.6083601355,1730,2630,3161,2897,2387,1111,2246,3106,554,591,361,78
"423","424",0.5530546686,1558,2474,3273,3006,2470,995,2247,3132,521,607,346,78
"424","425",0.3110932511,1558,2464,3273,3034,2467,948,2223,3168,483,585,336,78
"425","426",0.3110932511,1781,2668,3264,3033,2541,1114,2251,3088,675,709,455,78
"426","427",0.4977492017,1679,2602,3228,2999,2446,1061,2199,3122,587,650,393,78
"427","428",0.2488746009,1699,2607,3242,3018,2484,1103,2264,3134,608,638,394,78
"428","429",0.279983926,1707,2635,3255,2995,2505,1086,2209,3098,620,679,408,78
"429","430",0.279983926,1694,2649,3201,2985,2469,1138,2200,3032,615,660,415,78
"430","431",0.5530546686,1816,2747,3310,3079,2590,1204,2237,3118,634,656,401,78
"431","432",0.1244373004,1519,2466,3351,3103,2501,1015,2248,3226,484,582,335,78
"432","433",0.1106109337,1531,2485,3327,3049,2514,998,2231,3142,518,612,356,78
"433","434",0.6083601355,1537,2442,3288,3018,2458,977,2268,3164,480,573,338,78
"434","435",0.5530546686,1531,2485,3327,3049,2514,998,2231,3162,523,590,350,78
"435","436",0.1382636672,1519,2466,3351,3103,2501,1015,2248,3226,484,582,335,78
"436","437",0.1382636672,1816,2747,3310,3079,2590,1204,2237,3118,634,656,401,78
"437","438",0.1106109337,1705,2621,3202,2978,2466,1079,2200,3042,604,648,399,78
"438","439",0.1106109337,1742,2569,3126,2882,2336,1103,2301,3096,572,648,367,78
"439","440",0.1244373004,1742,2569,3126,2882,2336,1103,2301,3096,572,648,367,78
"440","441",0.3110932511,1763,2671,3249,3045,2469,1174,2266,3130,683,716,430,78
"441","442",0.3110932511,1785,2686,3334,3034,2530,1187,2251,3160,622,677,405,78
"442","443",0.1382636672,1670,2576,3229,2986,2464,1077,2205,3100,618,673,402,78
"443","444",0.1382636672,1519,2444,3327,3055,2526,980,2237,3172,505,597,354,78
"444","445",0.3110932511,1575,2514,3288,3026,2505,1043,2246,3142,531,627,359,78
"445","446",0.4977492017,1575,2514,3288,3026,2505,1043,2246,3142,531,627,359,78
"446","447",0.6083601355,1519,2444,3327,3055,2526,980,2237,3172,505,597,354,78
"447","448",0.279983926,1519,2444,3327,3055,2526,980,2237,3172,505,597,354,78
"448","449",0.387138268,1653,2551,3302,3064,2511,1093,2211,3162,572,639,379,78
"449","450",0.3110932511,1785,2686,3334,3034,2530,1187,2251,3160,666,750,454,78
"450","451",0.2488746009,1746,2648,3282,3046,2479,1148,2275,3186,642,680,408,78
"451","452",0.3110932511,1757,2659,3158,2896,2459,1075,2263,3096,680,706,422,78
"452","453",0.1244373004,1608,2273,3079,2807,2277,1091,2213,3220,669,708,452,78
"453","454",0.279983926,1762,2623,3279,3033,2512,1155,2273,3086,627,672,403,78
"454","455",0.4977492017,1898,2713,3407,3178,2671,1405,2260,3276,939,1003,633,78
"455","456",0.5530546686,1734,2605,3330,3091,2560,1172,2246,3160,619,670,422,78
"456","457",0.5530546686,1992,3370,3416,2994,2601,1429,2214,3308,792,761,431,78
"457","458",0.5530546686,1746,2594,3114,2848,2400,1144,2270,3038,560,625,375,78
"458","459",0.3110932511,1476,2408,3371,3132,2583,966,2309,3176,500,560,333,78
"459","460",0.3110932511,1568,2457,3331,3062,2518,1033,2237,3096,530,611,365,78
"460","461",0.1106109337,1699,2606,3354,3080,2561,1131,2290,3194,565,650,399,78
"461","462",0.4977492017,1898,2713,3407,3178,2671,1405,2260,3220,935,882,549,78
"462","463",0.1106109337,1787,2635,3308,3031,2549,1136,2251,3128,636,706,422,78
"463","464",0.6083601355,1499,2229,3038,2794,2235,1016,2157,3108,633,688,443,78
"464","465",0.3110932511,1499,2229,3038,2794,2235,1016,2157,2778,559,624,395,78
"465","466",0.5530546686,1675,2513,3114,2862,2188,1146,2206,2710,669,684,440,78
"466","467",0.1106109337,1820,2691,3367,3127,2624,1266,2259,3226,868,884,553,78
"467","468",0.5530546686,1645,2536,3318,3082,2557,1071,2230,3160,604,670,394,78
"468","469",0.3110932511,1568,2457,3331,3062,2518,1033,2237,3134,535,617,370,78
"469","470",0.5530546686,1679,2560,3238,3001,2504,1055,2309,3006,733,682,426,78
"470","471",0.5530546686,1679,2560,3238,3001,2504,1055,2309,3130,599,667,405,78
"471","472",0.4977492017,1593,2449,3371,3095,2569,1054,2290,3252,522,610,365,78
"472","473",0.9505627117,1687,2557,3356,3110,2568,1142,2289,3204,577,674,413,78
"473","474",0.3110932511,1820,2691,3367,3127,2624,1266,2259,3166,777,792,476,78
"474","475",0.3110932511,1784,2590,3198,2945,2453,1226,2236,3088,727,719,439,78
"475","476",0.3110932511,1911,2655,3032,2850,2448,1195,2268,3062,715,725,426,78
"476","477",0.4977492017,1693,2586,3326,3097,2538,1039,2273,3184,561,653,388,78
"477","478",0.8641479197,1635,2482,3391,3133,2594,1093,2316,3248,529,620,364,78
"478","479",0.5530546686,1636,2508,3432,3175,2611,1002,2278,3272,555,635,365,78
"479","480",0.3422025762,1588,2419,3362,3099,2558,1031,2290,3278,527,617,382,78
"480","481",0.4424437349,1693,2586,3326,3097,2538,1039,2273,3184,564,639,390,78
"481","482",0.3110932511,1741,2572,3266,2959,2450,1138,2278,3052,747,742,467,78
"482","483",0.4977492017,1671,2513,3338,3117,2541,1125,2278,3100,841,836,524,78
"483","484",0.9505627117,1716,2518,3145,3017,2374,1180,2254,3176,705,737,480,78
"484","485",0.5530546686,1642,2523,3231,3071,2498,998,2270,3444,435,534,305,78
"485","486",0.5530546686,1642,2523,3231,3071,2498,998,2270,3400,538,571,333,78
"486","487",0.3110932511,1456,2323,3276,3034,2487,933,2254,3376,415,544,318,78
"487","488",0.387138268,1677,2625,2966,2692,2248,1201,2300,2666,798,774,499,78
"488","489",0.5530546686,1484,2354,3449,3119,2616,905,2394,3400,379,487,275,78
"489","490",0.5530546686,1484,2354,3449,3119,2616,905,2394,3228,602,667,396,78
"490","491",0.4977492017,1677,2625,2966,2692,2248,1201,2300,2942,579,614,391,78
"491","492",0.279983926,1539,2375,3412,3422,2712,1122,2326,3112,552,633,379,78
"492","493",1.036977504,1741,2541,3134,2782,2303,1313,2178,3018,1086,901,591,78
"493","494",0.1106109337,1741,2541,3134,2782,2303,1313,2178,3038,879,836,588,78
"494","495",0.6083601355,1647,2457,3182,2880,2320,1079,2202,2858,754,694,466,78
"495","496",1.244373004,1850,2731,3060,2737,2276,1179,2157,2956,702,644,429,78
"496","497",1.493247605,1850,2731,3060,2737,2276,1179,2157,2874,765,664,452,78
"497","498",0.8641479197,1807,2723,3044,2769,2283,1178,2157,2844,778,692,495,78
"498","499",1.693729923,1788,2707,3015,2724,2260,1176,2188,2922,780,688,449,78
"499","500",1.036977504,1870,2715,3067,2808,2302,1187,2216,2964,883,743,515,78
"500","501",0.5530546686,1754,2701,3083,2778,2268,1182,2188,2920,805,714,483,78
"501","502",1.493247605,1754,2701,3083,2778,2268,1182,2188,2922,794,688,458,78
"502","503",0.6636656023,1788,2692,3139,2820,2290,1184,2233,2984,761,672,463,78
"503","504",1.244373004,1794,2702,3156,2828,2332,1165,2245,3012,821,733,481,78
"504","505",1.493247605,1704,2717,3117,2802,2316,1150,2188,2984,680,650,447,78
"505","506",0.8641479197,1743,2640,2942,2683,2194,1168,2138,2898,772,699,478,78
"506","507",1.244373004,1727,2716,3143,2851,2325,1215,2245,2984,795,736,491,78
"507","508",0.6083601355,1738,2598,2892,2642,2131,1079,2122,2818,697,649,437,78
"508","509",0.8641479197,1755,2622,2917,2649,2135,1132,2122,2622,645,577,391,78
"509","510",1.036977504,1752,2543,2743,2464,2014,1027,2109,2554,626,582,383,78
"510","511",0.8710611031,1738,2598,2892,2642,2131,1079,2122,2524,584,551,366,78
"511","512",0.7777331277,1742,2529,2675,2452,2025,938,2059,2554,576,556,354,78
"512","513",0.5530546686,1720,2540,2673,2377,1976,943,1986,2570,593,553,393,78
"513","514",0.05530546686,1740,2601,2776,2467,2078,956,2074,2518,572,553,362,78
"514","515",0.09505627117,1759,2608,2808,2536,2045,1006,2059,2620,582,559,366,78
"515","516",0.5530546686,1759,2608,2808,2536,2045,1006,2059,2714,588,572,364,78
"516","517",1.036977504,1721,2578,2713,2449,2000,989,1986,2576,578,561,383,78
"517","518",0.7777331277,1770,2686,2910,2623,2140,1114,2086,2796,739,672,443,78
"518","519",1.244373004,1738,2679,2995,2651,2207,1087,2107,2754,644,616,389,78
"519","520",1.123392296,1781,2682,3048,2742,2323,1105,2156,2846,636,616,390,78
"520","521",1.036977504,1844,2799,2969,2624,2206,1115,2118,2746,689,651,428,78
"521","522",0.3110932511,1880,2883,3033,2718,2244,1276,2141,2934,829,752,488,78
"522","523",0.9505627117,1820,2776,3154,2829,2318,1203,2179,3042,792,732,461,78
"523","524",0.3110932511,1884,2818,3121,2804,2302,1228,2172,2928,771,703,444,78
"524","525",0.5530546686,1880,2883,3033,2718,2244,1276,2141,2934,796,752,459,78
"525","526",0.279983926,1912,2883,3037,2767,2292,1306,2152,2938,801,736,477,78
"526","527",0.5530546686,1884,2818,3121,2804,2302,1228,2172,2876,724,694,463,78
"527","528",1.123392296,1851,2832,3152,2826,2332,1209,2168,2942,791,726,475,78
"528","529",0.5530546686,1914,2901,3128,2750,2315,1213,2139,2964,808,769,496,78
"529","530",0.8710611031,1910,2908,3061,2692,2248,1229,2137,2880,809,708,444,78
"530","531",1.036977504,1891,2834,3130,2761,2328,1212,2172,2902,701,667,450,78
"531","532",1.493247605,1891,2834,3130,2761,2328,1212,2172,2894,673,619,390,78
"532","533",0.5530546686,1910,2908,3061,2692,2248,1229,2137,2894,791,708,444,78
"533","534",0.5530546686,1992,2936,2935,2602,2160,1229,2143,2790,798,709,470,78
"534","535",2.654662409,1994,2875,3082,2736,2285,1246,2155,2916,796,744,472,78
"535","536",2.875884277,1994,2875,3082,2736,2285,1246,2155,2830,905,760,453,78
"536","537",0.4977492017,1992,2936,2935,2602,2160,1229,2143,2754,755,681,441,78
"537","538",0.5530546686,2117,2883,2886,2639,2205,1351,2145,2718,1048,847,554,78
"538","539",1.036977504,2038,2765,2952,2670,2203,1277,2149,2824,988,882,582,78
"539","540",0.5530546686,1836,2737,3099,2780,2304,1142,2112,2902,639,626,387,78
"540","541",0.9505627117,1869,2712,3045,2707,2238,1144,2134,2930,723,697,476,78
"542","543",0.9505627117,1924,3017,3383,2983,2476,1353,2134,3002,661,651,391,78
"543","544",0.8641479197,1924,3017,3383,2983,2476,1353,2134,2980,735,704,420,78
"544","545",0.5530546686,1804,2704,3157,2811,2279,1128,2168,2918,669,636,410,78
"545","546",1.493247605,1804,2704,3157,2811,2279,1128,2168,2940,590,576,362,78
"546","547",1.368810305,1690,2643,3123,2839,2310,1107,2168,2944,606,583,353,78
"547","548",1.036977504,2029,3164,3306,2974,2554,1423,2168,3032,811,758,457,78
"548","549",1.493247605,1690,2643,3123,2839,2310,1107,2168,2984,614,610,383,78
"549","550",0.5530546686,1667,2651,3153,2833,2300,1082,2179,3020,648,631,390,78
"550","551",1.368810305,1771,2755,3130,2808,2306,1103,2148,2946,649,627,406,78
"551","552",0.9505627117,1798,2740,3039,2783,2271,1110,2168,2850,683,641,402,78
"552","553",0.9505627117,1667,2651,3153,2833,2300,1082,2179,2938,599,622,367,78
"553","554",1.244373004,1626,2567,3069,2769,2231,1024,2168,2924,552,576,346,78
"554","555",0.9505627117,1798,2740,3039,2783,2271,1110,2168,2818,641,650,418,78
"555","556",0.2488746009,2021,3258,3293,2912,2515,1375,2150,3122,755,780,481,78
"556","557",1.244373004,1639,2510,2968,2638,2167,968,2077,2834,589,590,376,78
"557","558",0.9505627117,1588,2411,2753,2481,1981,910,2032,2598,538,534,346,78
"558","559",0.7777331277,1735,2689,2883,2556,2137,1038,2060,2690,636,636,412,78
"559","560",0.8641479197,1796,2705,2858,2602,2139,1088,2076,2750,667,634,394,78
"560","561",2.032475907,1534,2379,2796,2518,2031,880,2038,2580,482,492,305,78
"561","562",1.368810305,1544,2354,2786,2503,2042,872,2038,2596,436,479,294,78
"562","563",1.368810305,1796,2705,2858,2602,2139,1088,2076,2720,725,695,452,78
"563","564",0.4977492017,1825,2778,2976,2676,2229,1182,2179,2776,716,733,470,78
"564","565",1.493247605,2520,3106,2615,2510,2311,1912,2112,2450,1542,1248,782,78
"565","566",1.368810305,1639,2574,3148,2828,2304,1135,2216,2890,687,637,436,78
"566","567",1.493247605,1825,2778,2976,2676,2229,1182,2179,2718,651,604,427,78
"567","568",1.036977504,1829,2880,3132,2799,2333,1168,2184,2878,635,573,381,78
"568","569",1.036977504,1512,2427,3060,2782,2210,977,2184,2934,502,535,341,78
"569","570",1.036977504,1667,2533,3087,2779,2280,1077,2216,2852,586,553,349,78
"570","571",1.036977504,1453,2269,2923,2663,2023,974,2179,2802,585,577,355,78
"571","572",0.9505627117,1678,2629,3175,2808,2306,1097,2200,3130,701,708,442,78
"572","573",1.493247605,1446,2315,2896,2633,2166,864,2124,2872,597,565,367,78
"573","574",1.493247605,1601,2427,3004,2685,2170,1043,2195,2850,676,602,397,78
"574","575",0.9505627117,1601,2427,3004,2685,2170,1043,2195,2894,695,639,428,78
"575","576",0.6636656023,1446,2315,2896,2633,2166,864,2124,2810,626,581,406,78
"576","577",0.1106109337,2128,2910,3294,2962,2504,1460,2229,2994,1112,999,646,78
"577","578",0.2488746009,1787,2681,3138,2840,2338,1214,2238,2908,737,682,434,78
"578","579",0.5530546686,1762,2648,3233,2918,2347,1172,2240,2876,730,677,405,78
"579","580",0.3110932511,1595,2516,3306,2950,2413,1131,2264,3052,644,614,376,78
"580","581",0.1244373004,1595,2516,3306,2950,2413,1131,2264,3050,610,602,357,78
"581","582",0.3110932511,1072,1815,2841,2825,2008,753,2213,2182,335,354,223,78
"582","583",0.6083601355,1988,2843,3164,2877,2423,1396,2206,2986,868,825,531,78
"583","584",0.3110932511,1988,2843,3164,2877,2423,1396,2206,2950,836,722,458,78
"584","585",0.3110932511,1539,2528,3116,2800,2356,1087,2216,2950,626,613,397,78
"585","586",0.3110932511,1478,2463,3259,2932,2424,1100,2216,3050,614,624,382,78
"586","587",0.279983926,1594,2539,3087,2771,2344,1142,2188,2946,647,594,374,78
"587","588",0.3110932511,1579,2528,3096,2782,2323,1120,2200,2916,654,604,405,78
"588","589",0.3110932511,1958,2755,3124,2871,2398,1383,2206,3106,1086,871,547,78
"589","590",0.279983926,1946,2751,3134,2853,2421,1331,2216,2966,933,758,501,78
"590","591",0.279983926,1600,2555,3151,2785,2349,1123,2205,2922,672,629,412,78
"591","592",0.279983926,1594,2539,3087,2771,2344,1142,2188,2940,686,630,396,78
"592","593",0.1106109337,1686,2599,2920,2629,2261,1199,2165,2676,733,645,428,78
"593","594",0.1106109337,1613,2530,2923,2688,2270,1152,2167,2796,673,608,389,78
"594","595",0.3110932511,2042,2791,3176,2945,2455,1466,2198,3220,1122,928,643,78
"595","596",0.1106109337,1817,2748,3174,2867,2419,1247,2216,3000,742,682,435,78
"596","597",0.09678456701,1817,2748,3174,2867,2419,1247,2216,2994,700,636,412,78
"597","598",0.3110932511,1629,2483,2961,2665,2245,1142,2219,2800,634,613,411,78
"598","599",0.1244373004,1573,2486,3015,2706,2252,1143,2167,2832,651,622,402,78
"599","600",0.6083601355,1582,2473,3008,2702,2271,1119,2166,2962,592,583,360,78
"600","601",0.3110932511,2040,2825,3279,2993,2527,1405,2199,3000,897,885,553,78
"601","602",0.3110932511,2040,2825,3279,2993,2527,1405,2199,3220,1036,1024,664,78
"602","603",0.1106109337,1648,2588,3044,2717,2276,1182,2181,2834,700,608,406,78
"603","604",0.279983926,1629,2483,2961,2665,2245,1142,2219,2862,659,622,410,78
"604","605",0.279983926,1629,2483,2961,2665,2245,1142,2219,2788,686,616,384,78
"605","606",0.3110932511,1645,2498,2985,2696,2287,1126,2181,2858,651,625,401,78
"606","607",0.5530546686,1906,2817,3299,2984,2544,1339,2199,3292,1064,866,540,78
"607","608",0.3422025762,1812,2713,3190,2838,2429,1232,2231,3176,875,725,481,78
"608","609",0.1106109337,1645,2498,2985,2696,2287,1126,2181,2850,615,601,383,78
"609","610",0.1244373004,1670,2531,2936,2582,2194,1104,2225,2696,630,593,371,78
"610","611",0.1106109337,1725,2568,2900,2564,2167,1154,2208,2596,711,633,419,78
"611","612",0.279983926,1660,2539,2801,2563,2173,1105,2166,2622,678,634,413,78
"612","613",0.3110932511,1812,2713,3190,2838,2429,1232,2231,2976,765,717,437,78
"614","615",0.1244373004,1891,2834,3130,2761,2328,1212,2172,2894,673,619,390,78
"615","616",0.1244373004,1780,2616,2729,2485,2119,1189,2157,2552,727,625,409,78
"616","617",0.1106109337,1847,2642,2744,2470,2131,1188,2157,2524,764,651,407,78
"617","618",0.3110932511,1694,2581,2829,2554,2184,1142,2135,2688,711,637,413,78
"618","619",0.1382636672,2064,2861,3192,2847,2469,1365,2179,3076,922,885,532,78
"619","620",0.6083601355,2122,2905,2987,2687,2314,1384,2137,2728,905,763,493,78
"620","621",0.1244373004,1840,2631,2743,2526,2105,1159,2125,2668,721,661,397,78
"621","622",0.4977492017,1847,2642,2744,2470,2131,1188,2157,2512,775,662,449,78
"622","623",0.1106109337,1882,2686,2736,2456,2119,1194,2199,2548,771,662,451,78
"623","624",0.5530546686,1840,2631,2743,2526,2105,1159,2125,2604,730,631,438,78
"624","625",0.1106109337,2169,2836,2830,2586,2192,1376,2135,2778,1122,968,623,78
"625","626",0.1382636672,2169,2836,2830,2586,2192,1376,2135,2802,1096,873,556,78
"626","627",0.1106109337,1882,2686,2736,2456,2119,1194,2199,2634,792,691,461,78
"627","628",0.1106109337,1898,2617,2724,2482,2097,1165,2199,2554,733,662,404,78
"628","629",0.1106109337,1898,2617,2724,2482,2097,1165,2199,2544,736,650,423,78
"629","630",0.3110932511,2061,2738,2693,2475,2095,1235,2174,2478,825,702,466,78
"630","631",0.1106109337,2576,3111,2726,2491,2241,1679,2136,2654,1060,882,594,78
"631","632",0.1106109337,2174,2824,2663,2405,2135,1323,2190,2500,789,679,462,78
"632","633",0.279983926,2174,2824,2663,2405,2135,1323,2190,2500,1062,854,589,78
"633","634",0.279983926,2576,3111,2726,2491,2241,1679,2136,2574,1216,960,642,78
"634","635",0.2709967876,1376,2303,3608,3321,2562,965,2381,3466,528,578,398,78
"635","636",0.2102990377,1525,2467,3505,3233,2556,1008,2360,3388,520,570,397,78
"636","637",0.1791897126,1540,2434,3457,3135,2474,973,2350,3376,511,559,337,78
"637","638",0.2519855334,1537,2394,3141,2885,2328,943,2251,3164,518,550,366,78
"638","639",0.2336655975,1537,2394,3141,2885,2328,943,2251,3000,580,596,382,78
"639","640",0.3893504867,1509,2320,3404,3167,2346,925,2350,3400,517,533,383,78
"640","641",0.279983926,1507,2457,3533,3195,2551,1024,2392,3374,597,631,444,78
"641","642",0.1244373004,1443,2388,3620,3341,2582,978,2271,3484,526,572,389,78
"642","643",0.2336655975,1376,2303,3608,3321,2562,965,2381,3466,528,578,398,78
"643","644",0.3110932511,1446,2371,3421,3087,2493,1020,2452,3300,567,612,393,78
"644","645",0.4601414843,1592,2264,2653,2416,1910,995,2067,2634,628,635,431,78
"645","646",0.2438971089,1577,2221,2934,2620,2037,1036,2253,2836,676,637,444,78
"646","647",0.2336655975,1577,2221,2934,2620,2037,1036,2253,2946,596,604,431,78
"647","648",0.1520900339,1394,2301,3541,3216,2592,1007,2443,3414,501,583,397,78
"648","649",0.2438971089,1386,2222,3350,3237,2472,1004,2319,3692,448,561,340,78
"649","650",0.6083601355,2111,2769,2907,2676,2335,1262,2180,2802,813,730,452,78
"650","651",0.5530546686,1855,2613,2955,2724,2249,1074,2171,2784,698,623,390,78
"651","652",2.201848899,1974,2740,2968,2679,2223,1239,2149,2822,899,744,467,78
"652","653",1.036977504,1687,2438,2932,2660,2195,1003,2119,2836,606,573,367,78
"653","654",1.036977504,1754,2577,2953,2675,2215,999,2084,2724,572,556,329,78
"654","655",0.9505627117,2018,3078,2975,2640,2225,1221,2087,2874,629,619,393,78
"655","656",2.032475907,1664,2457,2935,2636,2193,1001,2130,2756,640,602,381,78
"656","657",0.5530546686,1800,2591,2915,2678,2215,1029,2156,2732,678,615,387,78
"657","658",0.9505627117,1978,2715,2942,2687,2210,1182,2156,2830,686,616,386,78
"658","659",0.5530546686,1827,2547,2908,2654,2210,1079,2197,2700,686,603,363,78
"659","660",0.4977492017,1827,2547,2908,2654,2210,1079,2197,2798,739,651,423,78
"660","661",1.123392296,1921,2645,2949,2697,2226,1148,2198,2808,681,635,396,78
"661","662",0.6636656023,1800,2591,2915,2678,2215,1029,2156,2752,742,681,444,78
"662","663",2.201848899,1664,2457,2935,2636,2193,1001,2130,2768,599,570,335,78
"663","664",1.742122206,1790,2768,3109,2775,2274,1094,2170,2978,604,606,366,78
"664","665",2.201848899,1790,2768,3109,2775,2274,1094,2170,2958,564,578,357,78
"665","666",0.5530546686,1536,2329,2888,2631,2121,888,2151,2754,564,554,354,78
"666","667",0.9505627117,1810,2623,2963,2700,2244,1090,2179,2868,619,586,353,78
"667","668",1.617684906,1921,2645,2949,2697,2226,1148,2198,2750,780,700,433,78
"668","669",1.493247605,1845,2581,2861,2662,2206,1078,2215,2790,678,637,414,78
"669","670",1.244373004,1717,2474,2834,2646,2132,997,2185,2770,625,602,363,78
"670","671",1.617684906,1860,2599,2893,2703,2204,1074,2198,2722,711,647,399,78
"671","672",1.89853298,1584,2314,2921,2657,2174,932,2157,2790,532,524,339,78
"672","673",1.368810305,1528,2269,2844,2604,2093,896,2157,2676,501,523,339,78
"673","674",1.493247605,1615,2504,3102,2731,2266,990,2187,3100,540,581,357,78
"674","675",1.123392296,1696,2515,2919,2664,2198,1068,2187,2866,622,588,355,78
"675","676",2.032475907,1575,2251,2769,2532,2067,882,2146,2624,496,490,323,78
"676","677",2.654662409,1678,2455,2892,2598,2159,1005,2155,2750,686,651,404,78
"677","678",0.9505627117,1902,2694,2947,2682,2210,1145,2179,2766,796,683,437,78
"678","679",0.9505627117,1717,2474,2834,2646,2132,997,2185,2736,657,611,390,78
"679","680",1.493247605,1805,2526,2796,2551,2134,1063,2185,2558,666,594,403,78
"680","681",1.123392296,1978,2715,2942,2687,2210,1182,2156,2784,857,749,463,78
"681","682",1.493247605,1822,2624,2849,2597,2151,1099,2153,2702,745,703,469,78
"682","683",1.123392296,1575,2251,2769,2532,2067,882,2146,2552,498,498,333,78
"683","684",1.493247605,1696,2515,2919,2664,2198,1068,2187,2754,595,572,352,78
"684","685",1.493247605,1825,2654,2879,2618,2162,1094,2172,2724,652,601,369,78
"685","686",1.368810305,1655,2379,2783,2561,2095,954,2146,2600,561,533,341,78
"686","687",0.8641479197,1822,2624,2849,2597,2151,1099,2153,2742,893,824,544,78
"687","688",1.617684906,1745,2507,2746,2497,2107,1013,2161,2598,688,616,424,78
"688","689",0.6083601355,1869,2622,2860,2636,2166,1102,2192,2710,688,596,417,78
"689","690",0.6636656023,1869,2622,2860,2636,2166,1102,2192,2732,695,603,406,78
"690","691",0.6083601355,1833,2610,2858,2638,2170,1122,2192,2732,750,665,439,78
"691","692",1.493247605,1920,2726,2872,2630,2173,1220,2155,2800,926,838,557,78
"692","693",1.493247605,1723,2606,2923,2733,2294,1055,2206,2808,594,572,350,78
"693","694",0.6636656023,1768,2655,2965,2688,2258,1066,2190,2850,645,661,397,78
"694","695",1.368810305,1610,2433,2919,2710,2183,999,2190,2834,577,541,322,78
"695","696",1.493247605,1686,2448,2873,2626,2126,1037,2160,2678,627,597,379,78
"696","697",1.036977504,1923,2717,2926,2707,2228,1230,2200,2778,870,806,506,78
"697","698",0.9505627117,1930,2686,2902,2674,2219,1165,2192,2732,746,669,444,78
"698","699",1.036977504,1806,2580,2888,2640,2226,1113,2233,2740,703,667,430,78
"699","700",1.863102915,1806,2580,2888,2640,2226,1113,2233,2818,656,629,393,78
"700","701",0.6083601355,1815,2588,2942,2678,2241,1099,2206,2800,733,664,435,78
"701","702",0.6636656023,1923,2717,2926,2707,2228,1230,2200,2746,865,782,512,78
"702","703",1.617684906,1652,2531,2971,2731,2222,1055,2206,2850,599,570,340,78
"703","704",0.5530546686,1610,2433,2919,2710,2183,999,2190,2776,634,615,375,78
"704","705",0.6083601355,1508,2258,2656,2495,2033,959,2103,2740,595,579,347,78
"705","706",1.036977504,1723,2606,2923,2733,2294,1055,2206,2808,594,572,350,78
"706","707",0.6636656023,1822,2603,2906,2721,2230,1100,2213,2746,736,683,429,78
"707","708",0.6636656023,1815,2588,2942,2678,2241,1099,2206,2780,650,637,399,78
"708","709",1.244373004,1721,2512,2991,2781,2288,1039,2274,2942,583,586,354,78
"709","710",1.123392296,1671,2526,3136,2923,2361,1055,2312,2922,642,610,374,78
"710","711",0.2488746009,1670,2459,3045,2833,2248,1059,2213,2854,648,637,402,78
"711","712",0.9505627117,1723,2606,2923,2733,2294,1055,2206,2756,683,673,401,78
"712","713",0.9505627117,1564,2310,2825,2534,2134,961,2103,2966,629,631,409,78
"713","714",0.5530546686,1560,2366,2778,2627,2109,1060,2115,2552,573,592,377,78
"714","715",1.036977504,1667,2492,3111,2868,2388,1068,2316,3018,664,636,426,78
"715","716",0.8641479197,1671,2526,3136,2923,2361,1055,2312,3022,603,620,404,78
"716","717",1.863102915,1664,2433,2905,2685,2168,1004,2169,2954,571,565,337,78
"717","718",1.493247605,1543,2328,2876,2679,2253,990,2169,2930,579,628,408,78
"718","719",0.3110932511,1537,2229,2610,2394,1895,1061,1950,2662,602,626,413,78
"719","720",2.433440542,1664,2433,2905,2685,2168,1004,2169,2954,571,565,337,78
"720","721",2.519855334,1993,2704,2677,2374,2033,1139,2155,2530,859,782,546,78
"721","722",1.990996807,2155,2747,2476,2244,1958,1268,2110,2336,659,556,409,78
"722","723",3.456591679,2268,2819,2470,2300,1980,1381,2071,2492,764,633,421,78
"723","724",2.79983926,1621,2283,2558,2306,1839,837,2071,2432,547,484,326,78
"724","725",2.765273343,1909,2566,2497,2219,1916,1062,2081,2350,604,531,347,78
"725","726",8.848874698,1993,2704,2677,2374,2033,1139,2155,2534,729,638,418,78
"726","727",4.479742816,1745,2482,2596,2372,1924,1030,2155,2388,626,529,371,78
"727","728",3.764228338,1614,2236,2518,2295,1800,906,2073,2404,561,498,322,78
"728","729",3.110932511,1621,2293,2623,2391,1868,905,2071,2508,576,539,341,78
"729","730",6.097427721,1647,2294,2541,2308,1842,899,2071,2404,573,509,322,78
"730","731",4.182475931,1583,2239,2496,2278,1821,890,2073,2360,581,485,340,78
"731","732",4.479742816,1745,2482,2596,2372,1924,1030,2155,2548,676,605,404,78
"732","733",3.110932511,1625,2268,2599,2359,1896,900,2115,2440,571,502,353,78
"733","734",4.479742816,1627,2262,2551,2304,1827,889,2072,2366,594,499,347,78
"734","735",3.764228338,1645,2347,2661,2311,1905,950,2099,2556,647,608,375,78
"735","736",2.765273343,1645,2347,2661,2311,1905,950,2099,2458,594,525,333,78
"736","737",4.479742816,1515,2228,2631,2365,1854,881,2115,2416,574,515,342,78
"737","738",1.119935704,1746,2513,2728,2458,2030,1074,2157,2612,645,576,387,78
"738","739",1.52435693,1577,2308,2694,2458,1958,958,2154,2534,559,520,340,78
"739","740",1.76977494,1515,2228,2631,2365,1854,881,2115,2446,554,488,316,78
"740","741",3.764228338,1444,2150,2673,2403,1887,860,2126,2500,510,486,299,78
"741","742",4.479742816,1517,2256,2640,2387,1909,881,2082,2556,524,467,301,78
"742","743",2.765273343,1882,2633,2993,2727,2214,1215,2191,3042,586,571,375,78
"743","744",3.764228338,1624,2339,2823,2491,1948,945,2191,2574,618,561,385,78
"744","745",1.990996807,1455,2169,2640,2386,1914,866,2135,2522,540,488,317,78
"745","746",6.844051524,1444,2150,2673,2403,1887,860,2126,2526,482,459,293,78
"747","748",4.977492017,1540,2339,2794,2540,2039,1008,2208,2730,593,583,344,78
"748","749",3.764228338,1412,2156,2697,2407,1918,829,2133,2562,508,478,314,78
"750","751",5.841639937,1404,2147,2707,2439,1942,844,2137,2564,467,470,312,78
"751","752",3.110932511,1426,2161,2720,2434,1946,849,2137,2490,563,481,320,78
"752","753",3.110932511,1594,2352,2710,2432,1928,964,2175,2540,574,529,336,78
"753","754",2.519855334,1692,2511,2854,2508,2081,1068,2180,2602,568,514,333,78
"754","755",3.110932511,1464,2202,2740,2444,1980,881,2140,2586,548,487,290,78
"755","756",5.257475943,1412,2156,2697,2407,1918,829,2133,2578,474,442,293,78
"756","757",4.479742816,1562,2397,2910,2602,2124,1027,2225,2776,606,580,363,78
"757","758",1.990996807,1470,2277,2879,2576,2092,986,2165,2696,548,517,330,78
"758","759",6.097427721,1400,2153,2739,2439,1928,835,2130,2630,468,481,322,78
"759","760",2.765273343,1450,2184,2697,2420,1926,862,2137,2562,543,482,301,78
"760","761",1.990996807,1554,2353,2865,2546,2072,994,2220,2666,640,558,366,78
"761","762",1.52435693,1400,2153,2739,2439,1928,835,2130,2630,468,481,322,78
"762","763",3.345980745,1451,2179,2719,2436,1953,869,2128,2586,515,457,336,78
"763","764",2.765273343,1470,2277,2879,2576,2092,986,2165,2770,582,561,354,78
"765","766",2.765273343,1471,2240,2718,2428,1930,881,2073,2540,525,473,305,78
"766","767",3.110932511,1505,2291,2762,2448,1989,908,2136,2614,582,498,325,78
"767","768",4.479742816,1559,2349,2699,2435,1961,942,2115,2534,623,519,357,78
"768","769",1.76977494,1492,2229,2739,2448,1968,900,2073,2576,568,513,336,78
"769","770",3.456591679,1577,2437,2911,2586,2139,1092,2165,2734,606,546,347,78
"770","771",3.110932511,1507,2306,2866,2603,2068,982,2130,2712,570,558,344,78
"771","772",6.097427721,1455,2235,2818,2503,2004,887,2115,2636,554,500,345,78
"772","773",1.76977494,1541,2284,2792,2483,2001,955,2115,2590,593,523,343,78
"773","774",3.764228338,1541,2284,2792,2483,2001,955,2115,2652,582,508,326,78
"774","775",2.519855334,1455,2235,2818,2503,2004,887,2115,2636,554,500,345,78
"775","776",3.110932511,1507,2306,2866,2603,2068,982,2130,2712,570,558,344,78
"776","777",3.456591679,1442,2317,2979,2718,2270,1014,2165,2810,502,494,332,78
"777","778",4.977492017,1518,2302,2926,2605,2036,942,2183,2702,545,480,316,78
"778","779",8.848874698,1665,2504,3089,2796,2289,1099,2347,2792,579,528,326,78
"779","780",3.764228338,1442,2317,2979,2718,2270,1014,2165,2810,502,494,332,78
"780","781",4.977492017,1442,2341,3433,3144,2460,1129,2276,3492,508,631,345,78
"781","782",1.52435693,1542,2338,3404,3156,2422,1100,2268,2898,518,531,292,78
"782","783",0.4977492017,1548,2380,3027,2768,2282,1096,2210,2876,568,624,398,78
"783","784",0.5530546686,1449,2383,3001,2782,2280,1002,2209,2814,543,554,332,78
"784","785",0.4977492017,1519,2418,2959,2736,2307,1036,2219,2876,525,572,356,78
"785","786",1.368810305,1538,2420,2871,2650,2153,1072,2236,2742,536,535,308,78
"786","787",0.9505627117,1269,2168,2967,2673,2185,877,2267,2886,420,475,317,78
"787","788",1.244373004,1330,2159,2962,2695,2168,877,2225,2820,469,518,319,78
"788","789",0.9505627117,1317,2229,2978,2692,2162,921,2251,2766,472,526,295,78
"789","790",0.6083601355,1540,2424,2939,2664,2182,1037,2240,2810,537,577,345,78
"790","791",0.5530546686,1519,2418,2959,2736,2307,1036,2219,2842,535,571,344,78
"791","792",0.4977492017,1437,2355,3054,2719,2257,984,2209,2932,546,569,359,78
"792","793",0.4424437349,1496,2356,3047,2725,2295,1022,2210,2912,532,593,356,78
"793","794",0.5530546686,1588,2401,3169,2909,2304,1074,2210,3208,650,666,487,78
"795","796",0.5530546686,1442,2350,3004,2709,2256,998,2219,2824,529,570,330,78
"796","797",0.5530546686,1546,2523,3034,2775,2287,1096,2218,2864,641,631,383,78
"797","798",0.9505627117,1422,2384,2984,2715,2227,1005,2240,2836,539,580,358,78
"798","799",0.8641479197,1353,2235,2935,2646,2199,937,2193,2790,435,474,293,78
"799","800",0.9505627117,1422,2384,2984,2715,2227,1005,2240,2836,539,580,358,78
"800","801",0.9505627117,1426,2338,2899,2652,2173,951,2176,2752,498,542,319,78
"801","802",1.493247605,1569,2542,3093,2808,2292,1073,2227,2898,557,592,352,78
"802","803",0.5530546686,1358,2285,2943,2680,2163,959,2216,2812,507,535,336,78
"803","804",0.279983926,1398,2320,2990,2732,2228,949,2180,2834,510,543,344,78
"804","805",0.4977492017,1621,2472,3267,2937,2374,1119,2202,2824,788,730,515,78
"805","806",0.5530546686,1621,2472,3267,2937,2374,1119,2202,2828,818,760,511,78
"806","807",0.5530546686,1430,2371,3056,2807,2294,986,2207,2920,494,547,334,78
"807","808",0.7777331277,1458,2339,3105,2837,2303,1004,2246,2876,502,538,348,78
"808","809",1.863102915,1469,2371,2986,2712,2201,979,2198,2846,472,518,334,78
"809","810",0.4977492017,1426,2338,2899,2652,2173,951,2176,2724,518,555,334,78
"810","811",1.368810305,1389,2251,2819,2574,2106,897,2176,2670,479,487,316,78
"811","812",0.9505627117,1490,2356,2840,2574,2107,963,2176,2688,512,524,320,78
"812","813",0.7777331277,1467,2373,2890,2618,2152,949,2173,2718,523,550,356,78
"813","814",0.6083601355,1471,2408,3032,2744,2263,1003,2198,2950,530,584,365,78
"814","815",0.6083601355,1343,2290,3158,2870,2323,959,2248,2998,485,535,299,78
"815","816",0.7777331277,1430,2371,3056,2807,2294,986,2207,2910,532,553,314,78
"816","817",0.4977492017,1592,2414,2967,2618,2196,1006,2096,2752,601,607,409,78
"818","819",0.4977492017,1427,2346,2983,2662,2189,964,2150,2730,520,526,340,78
"819","820",0.4977492017,1372,2283,3007,2744,2250,888,2230,3006,425,531,299,78
"820","821",0.9505627117,1548,2483,2966,2676,2202,1021,2190,2776,524,523,337,78
"821","822",0.4977492017,1476,2402,2867,2552,2127,946,2173,2680,521,542,327,78
"822","823",1.493247605,1445,2287,2761,2540,2048,922,2177,2654,538,522,328,78
"823","824",1.493247605,1434,2306,2784,2499,2023,882,2192,2588,446,500,328,78
"824","825",0.5530546686,1518,2380,2817,2539,2100,930,2192,2654,550,547,345,78
"825","826",0.8641479197,1446,2327,2773,2502,2054,910,2167,2622,518,516,328,78
"826","827",0.8641479197,1391,2238,2789,2503,2052,887,2140,2680,497,511,324,78
"827","828",1.123392296,1405,2213,2766,2512,2045,857,2129,2654,491,498,327,78
"828","829",1.036977504,1680,2392,2717,2474,2053,989,2086,2564,565,586,417,78
"829","830",0.6083601355,2018,2664,2903,2703,2275,1239,2114,2658,917,868,602,78
"830","831",0.6083601355,1267,2046,2780,2521,2013,785,2172,2600,437,458,296,78
"831","832",0.8641479197,1422,2281,2845,2637,2098,952,2185,2854,449,492,309,78
"832","833",0.9505627117,1564,2425,2889,2630,2174,1008,2183,2718,583,561,345,78
"833","834",0.6636656023,1384,2234,2757,2475,2031,856,2160,2620,505,501,329,78
"834","835",0.6083601355,1379,2245,2756,2513,2011,861,2191,2620,464,487,312,78
"835","836",0.5530546686,1395,2247,2707,2469,1994,859,2165,2524,434,460,275,78
"836","837",1.036977504,1390,2203,2710,2486,1979,818,2162,2532,429,442,292,78
"837","838",0.6083601355,1390,2214,2734,2493,2011,851,2183,2578,463,480,292,78
"838","839",0.5530546686,1291,2061,2763,2529,2047,780,2175,2620,430,437,265,78
"839","840",0.6083601355,1173,1947,2783,2552,2033,708,2228,2756,307,359,248,78
"840","841",0.9505627117,1607,2358,2703,2450,2027,944,2097,2524,601,594,409,78
"841","842",0.6636656023,1167,1937,2767,2544,2026,688,2158,2602,409,450,296,78
"842","843",1.493247605,1127,1895,2794,2552,2025,666,2185,2706,305,362,226,78
"843","844",0.05530546686,1296,2068,2740,2482,1959,758,2172,2600,435,459,296,78
"844","845",0.9505627117,1276,2036,2763,2527,1977,735,2156,2574,360,400,244,78
"845","846",0.5530546686,1350,2111,2675,2459,1957,796,2162,2544,438,458,270,78
"846","847",0.6083601355,1345,2160,2633,2407,1924,773,2092,2500,436,451,282,78
"847","848",0.8641479197,1322,2108,2605,2404,1920,742,2092,2470,410,413,264,78
"848","849",1.036977504,1259,2030,2768,2540,2005,732,2140,2678,369,405,258,78
"849","850",0.5530546686,1531,2313,2724,2523,2077,906,2156,2714,604,606,379,78
"850","851",0.4977492017,1296,2068,2740,2482,1959,758,2172,2590,361,417,243,78
"851","852",1.036977504,1065,1860,2974,2681,2080,634,2209,2866,275,352,223,78
"852","853",1.036977504,1676,2232,2722,2478,2029,960,2104,2566,371,421,270,78
"853","854",0.6636656023,1103,1828,2832,2614,2026,647,2228,2558,332,369,232,78
"854","855",0.5530546686,1311,2056,2655,2462,1984,805,2179,2482,412,420,293,78
"855","856",1.036977504,1304,2105,2710,2489,1979,784,2163,2556,359,396,247,78
"856","857",0.4977492017,1376,2165,2679,2458,1989,791,2139,2508,452,468,285,78
"857","858",1.493247605,1272,2054,2697,2488,1989,740,2134,2548,365,410,243,78
"858","859",0.6636656023,1466,2318,3240,2970,2382,992,2206,2894,740,772,509,78
"859","860",0.6636656023,1846,2689,2793,2531,2093,1305,2081,2468,826,735,526,78
"860","861",0.9505627117,1242,2019,2734,2496,1940,696,2130,2642,349,378,232,78
"861","862",0.3110932511,1445,2284,2721,2456,1990,839,2139,2580,486,455,278,78
"862","863",0.9505627117,1314,2157,2789,2546,2040,786,2191,2602,384,409,252,78
"863","864",0.4977492017,1290,2096,2786,2505,2033,787,2216,2610,426,449,272,78
"864","865",1.036977504,1391,2261,2872,2621,2127,852,2203,2742,460,478,291,78
"865","866",1.244373004,1379,2228,2830,2606,2091,830,2228,2674,482,484,295,78
"866","867",0.5530546686,1372,2219,2734,2471,2009,845,2213,2622,484,479,292,78
"867","868",0.9505627117,1391,2261,2872,2621,2127,852,2203,2696,454,470,283,78
"868","869",1.493247605,1498,2376,2874,2621,2138,923,2167,2684,482,477,302,78
"869","870",1.493247605,1284,2101,2938,2659,2152,807,2194,2766,440,448,286,78
"870","871",0.9505627117,1127,2070,3134,2832,2345,735,2182,3086,311,426,235,78
"871","872",1.368810305,1489,2261,3142,2839,2214,973,2206,2962,385,466,256,78
"872","873",0.8641479197,1169,2170,3239,2932,2335,831,2194,2858,431,466,288,78
"873","874",0.8641479197,1556,2414,2942,2688,2197,988,2175,2728,507,511,321,78
"874","875",0.8641479197,1391,2261,2872,2621,2127,852,2203,2700,468,483,309,78
"875","876",1.244373004,1371,2254,2844,2563,2080,842,2211,2702,478,457,276,78
"876","877",0.6636656023,1543,2347,3114,2830,2262,922,2255,2800,562,514,335,78
"877","878",0.8641479197,1448,2340,2809,2556,2082,918,2211,2658,525,531,322,78
"878","879",0.9505627117,1372,2250,2892,2643,2152,867,2201,2728,486,483,305,78
"880","881",0.5530546686,1691,2463,2899,2654,2196,1127,2135,2770,592,578,359,78
"881","882",1.036977504,1601,2383,3109,2903,2320,977,2172,3042,465,529,321,78
"882","883",1.368810305,1259,2030,2768,2540,2005,732,2140,2646,374,400,246,78
"883","884",1.368810305,1691,2463,2899,2654,2196,1127,2135,2820,663,642,412,78
"884","885",0.8641479197,1494,2392,2944,2672,2206,880,2135,2876,419,462,289,78
"885","886",0.7777331277,1431,2307,2879,2607,2144,909,2184,2736,473,487,295,78
"886","887",1.368810305,1681,2459,2919,2606,2122,995,2252,2636,554,529,351,78
"887","888",0.6636656023,1622,2417,2854,2648,2127,934,2221,2774,588,524,330,78
"888","889",1.244373004,1396,2286,2923,2651,2111,865,2156,2724,478,487,298,78
"889","890",1.368810305,1526,2363,2951,2676,2145,957,2152,2718,450,451,281,78
"890","891",0.6083601355,1777,2570,3053,2809,2362,1082,2158,2880,483,526,342,78
"891","892",1.036977504,1548,2434,2865,2564,2099,882,2184,2740,521,505,307,78
"892","893",1.036977504,1827,2525,2939,2721,2241,1120,2205,2956,809,698,455,78
"893","894",0.8641479197,1827,2525,2939,2721,2241,1120,2205,2714,632,610,398,78
"894","895",0.9505627117,1865,2665,3061,2823,2350,1246,2189,2824,721,675,458,78
"896","897",0.2609486747,1767,2592,3136,2873,2364,1089,2205,3190,684,670,463,78
"897","898",0.1229247526,1426,2196,3421,3163,2422,958,2338,3350,733,712,451,78
"898","899",0.3330559369,1541,2420,3420,3177,2500,915,2295,3436,615,633,425,78
"900","901",0.3419498801,1425,2310,3589,3335,2560,907,2367,3472,544,572,398,78
"901","902",0.004116286365,1388,2369,3642,3337,2629,909,2443,3496,570,587,396,78
"902","903",0.3569255676,1298,2166,3498,3144,2646,851,2342,3624,489,538,381,78
"903","904",0.4978191977,1393,2306,3734,3405,2574,952,2443,3554,543,558,360,78
"904","905",0.3819171899,1799,2503,2865,2529,2110,1108,2252,2862,804,675,474,78
"905","906",0.3849572914,1681,2452,3264,3005,2393,1061,2194,3128,579,590,436,78
"906","907",0.3152132332,1341,2247,3605,3291,2540,869,2285,3492,507,527,394,78
"907","908",0.5694593071,1185,1950,3228,2909,2445,785,2270,3794,509,538,383,78
"908","909",0.3423708376,1277,2277,3921,3632,2737,902,2342,3552,493,538,381,78
"909","910",0.2552097549,1341,2273,3659,3352,2563,910,2303,3466,532,564,415,78
"910","911",0.2466223903,1778,2553,3153,2922,2362,1115,2165,3086,741,721,555,78
"911","912",0.1648833068,1527,2365,3435,3145,2440,948,2260,3162,621,596,428,78
"912","913",0.4159242186,1322,2232,3607,3274,2520,914,2296,3406,539,547,392,78
"913","914",0.3859099353,1295,2229,3905,3615,2700,919,2360,3676,487,562,402,78
"914","915",0.535262015,1281,2231,4000,3690,2769,992,2399,3748,501,584,411,78
"915","916",0.1473019078,1290,2194,3809,3505,2644,887,2315,3650,483,528,378,78
"916","917",0.9586846292,1464,2305,3473,3220,2473,896,2260,3376,505,550,394,78
"917","918",0.27286221,1570,2432,3185,2903,2304,1043,2172,2770,694,643,451,78
"918","919",0.4818706106,1309,2233,3718,3405,2630,916,2317,3470,537,599,409,78
"919","920",0.4372067867,1255,2164,3857,3507,2662,862,2371,3606,468,557,382,78
"920","921",0.4138093294,1226,2166,3749,3476,2817,880,2385,3760,459,542,389,78
"921","922",0.6449513208,1248,2174,3864,3507,2681,833,2346,3662,444,506,340,78
"922","923",0.3365257777,1367,2298,3598,3285,2519,897,2271,3392,539,566,397,78
"923","924",0.2525791105,1522,2385,3114,2818,2261,1020,2206,3044,734,655,438,78
"924","925",0.2861065523,1367,2298,3598,3285,2519,897,2271,3472,497,531,390,78
"925","926",0.4400574561,1208,2102,3894,3641,2586,889,2384,3796,430,513,351,78
"926","927",0.4216192594,1151,2105,3918,3578,2769,804,2368,3918,361,423,324,78
"927","928",0.2693153271,1184,2109,3765,3452,2627,811,2338,3636,417,506,378,78
"928","929",0.3266298011,1466,2318,3240,2970,2382,992,2206,3378,491,506,364,78
"929","930",0.3081552049,1537,2296,3159,2937,2333,1021,2206,3016,713,660,509,78
"930","931",0.4470702135,1186,2096,3700,3399,2576,829,2338,3542,428,494,347,78
"931","932",0.3973293373,1109,2057,3957,3692,2760,779,2380,3894,351,451,308,78
"932","933",0.3098193864,1082,2013,3756,3477,2619,798,2380,3640,384,477,326,78
"933","934",0.3267998322,1158,2081,3686,3413,2604,811,2348,3458,455,505,356,78
"934","935",0.3506444372,1390,2210,3495,3193,2516,903,2273,3480,446,491,349,78
"935","936",0.128906695,1465,2338,3219,2985,2446,1012,2253,2862,683,704,523,78
"936","937",0.3031801351,1138,2053,3786,3511,2644,782,2371,3576,411,508,354,78
"937","938",0.3018220202,975,1771,3245,2887,2253,662,2296,3408,430,486,314,78
"938","939",0.8431913302,1114,2010,3409,3163,2462,785,2214,3486,439,498,336,78
"939","940",0.9387904492,1508,2462,3075,2797,2337,1039,2226,2916,633,635,434,78
"940","941",0.2693732459,1721,2670,2958,2702,2197,1231,2108,2850,695,673,523,78
"941","942",0.2543906625,1332,2232,3560,3304,2551,872,2326,3240,557,590,420,78
"942","943",0.8187866869,1270,2194,3589,3328,2582,875,2436,3404,458,531,362,78
"943","944",0.2309383689,1314,2202,3595,3271,2508,909,2330,3496,471,530,393,78
"944","945",0.2495738141,1314,2202,3595,3271,2508,909,2330,3406,448,486,352,78
"945","946",0.4147706286,1396,2223,3144,2836,2253,899,2202,3602,380,455,307,78
"946","947",4.245462346,1865,2709,3345,3019,2519,1161,2221,3222,692,699,425,78
"947","948",2.918633204,1939,2791,3369,3080,2554,1227,2183,3198,725,714,436,78
"948","949",1.789296,1817,2643,3188,2920,2368,1107,2173,3072,634,656,413,78
"949","950",3.553722237,1607,2343,3073,2824,2214,999,2159,2980,524,577,348,78
"950","951",4.936099332,1700,2384,2961,2748,2238,1033,2154,2966,584,608,382,78
"951","952",2.500852389,1733,2529,3153,2895,2349,1008,2162,3032,570,593,360,78
"952","953",4.992369243,1934,2776,3387,3131,2601,1253,2173,3282,752,733,451,78
"953","954",1.356681152,1865,2709,3345,3019,2519,1161,2221,3174,705,700,435,78
"955","956",2.941658958,2059,2857,3409,3112,2565,1342,2183,3270,958,874,537,78
"956","957",1.951375971,1812,2636,3130,2877,2324,1072,2148,3040,612,612,378,78
"957","958",2.588634443,1707,2447,2800,2618,2253,1094,2020,2938,609,595,373,78
"958","959",2.094853298,1638,2523,3322,3129,2510,1037,2237,3166,603,618,371,78
"959","960",3.531657236,1779,2555,3187,2862,2311,1069,2162,2920,630,623,390,78
"960","961",1.933676507,1885,2714,3315,3050,2479,1209,2173,3238,744,727,439,78
"962","963",1.644644772,1713,2618,3525,3201,2570,1117,2259,3520,569,633,384,78
"963","964",3.645767485,1758,2686,3455,3130,2563,1188,2184,3282,778,756,493,78
"964","965",2.40920447,1693,2544,3263,2969,2371,1046,2215,3116,603,638,393,78
"966","967",3.697455407,1503,2371,3497,3247,2519,962,2237,3630,440,547,329,78
"967","968",2.930698645,1486,2382,3460,3237,2519,948,2255,3436,504,553,326,78
"969","970",3.495413904,1713,2618,3525,3201,2570,1117,2259,3362,533,585,393,78
"970","971",0.1545371105,1588,2483,3472,3135,2469,972,2300,3306,563,596,442,78
"971","972",0.1772834526,1613,2558,3418,3118,2492,1043,2185,3196,634,647,445,78
"972","973",0.1150504197,1522,2471,3429,3134,2449,962,2215,3248,588,567,430,78
"973","974",0.1616903452,1500,2435,3385,3120,2493,985,2264,3228,574,590,425,78
"974","975",0.2303962205,1476,2355,3410,3152,2493,972,2342,3090,573,580,444,78
"975","976",0.3534242545,1519,2400,3306,3047,2491,1011,2369,3228,616,625,446,78
"976","977",0.258447402,1506,2417,3365,3104,2432,954,2342,3322,554,584,418,78
"977","978",0.2168852602,1562,2489,3372,3132,2452,1014,2246,3206,624,628,433,78
"978","979",0.2036869821,1590,2525,3379,3081,2431,1036,2207,3312,583,576,426,78
"979","980",0.1107215723,1592,2580,3322,2981,2432,1074,2242,3176,636,655,443,78
"980","981",0.2101696429,1574,2533,3473,3127,2466,1003,2294,3300,562,596,415,78
"981","982",0.1770755739,1525,2311,3190,2945,2371,921,2257,3132,581,591,458,78
"982","983",0.1823995093,1763,2690,3463,3097,2481,1097,2258,3230,666,651,456,78
"983","984",0.1908252971,1555,2461,3445,3160,2439,965,2225,3276,618,608,429,78
"985","986",0.180656083,1510,2425,3383,3074,2440,966,2246,3296,572,571,393,78
"986","987",0.1547088639,1555,2409,3213,3029,2363,1061,2193,3038,627,667,421,78
"987","988",0.1708667537,1669,2487,3466,3169,2529,993,2390,3428,616,586,368,78
"988","989",0.359456158,1946,2876,3353,3108,2452,1133,2370,3538,548,547,368,78
"989","990",0.2514476606,1861,2783,3506,3189,2516,1073,2232,3514,559,594,384,78
"990","991",0.2671010882,2603,3358,2893,2623,2219,1571,1980,3176,901,786,494,78
"991","992",0.1945266211,2151,3040,3376,3064,2447,1215,2187,2972,1128,877,592,78
"992","993",0.228491016,1802,2743,3116,2831,2110,1206,2215,3370,706,644,418,78
